Times (us),interval (us),strain (raw),sensorValue0 (raw)
66616,66616,4215295,430
79116,12500,4213567,429
91616,12500,4214434,428
104116,12500,4215691,427
116620,12504,4214565,425
129120,12500,4213447,425
141620,12500,4214945,425
154124,12504,4215881,423
166624,12500,4214204,422
179124,12500,4213517,422
191624,12500,4215522,421
204124,12500,4214006,420
216628,12504,4213775,418
229128,12500,4215245,418
241632,12504,4215253,418
254136,12504,4213914,416
266636,12500,4214053,415
279136,12500,4215352,415
291636,12500,4215153,415
304136,12500,4213903,413
316636,12500,4215500,412
329140,12504,4214973,412
341640,12500,4213948,412
354144,12504,4214501,410
366648,12504,4215498,409
379148,12500,4214771,409
391648,12500,4213903,409
404152,12504,4214560,407
416652,12500,4215264,406
429152,12500,4214134,406
441656,12504,4214778,406
454156,12500,4215021,404
466660,12504,4214523,403
479160,12500,4215533,403
491664,12504,4218307,403
504164,12500,4220703,401
516668,12504,4222670,400
529172,12504,4224652,400
541676,12504,4226685,400
554176,12500,4230613,399
566680,12504,4232801,397
579180,12500,4234938,397
591680,12500,4237521,397
604180,12500,4240143,396
616684,12504,4242183,395
629184,12500,4244313,395
641688,12504,4246921,395
654192,12504,4249667,393
666692,12500,4255198,392
679192,12500,4257652,392
691692,12500,4259575,392
704196,12504,4260835,391
716696,12500,4261146,390
729200,12504,4260628,389
741700,12500,4259035,389
754200,12500,4256253,388
766700,12500,4253374,387
779200,12500,4251130,387
791704,12504,4248964,387
804204,12500,4248210,386
816708,12504,4247384,384
829208,12500,4246785,384
841712,12504,4246732,384
854212,12500,4247368,383
866712,12500,4248620,382
879212,12500,4249922,382
891712,12500,4250756,382
904212,12500,4251277,381
916712,12500,4252802,379
929212,12500,4252688,379
941712,12500,4248034,379
954216,12504,4236049,378
966720,12504,4226401,377
979220,12500,4229405,377
991724,12504,4241472,377
1004228,12504,4249183,376
1016732,12504,4243954,375
1029232,12500,4226353,375
1041732,12500,4233626,375
1054232,12500,4245283,374
1066732,12500,4248339,372
1079232,12500,4239522,372
1091736,12504,4228541,372
1104236,12500,4227538,371
1116736,12500,4237597,370
1129236,12500,4247582,370
1141736,12500,4246109,370
1154236,12500,4227099,369
1166740,12504,4230731,368
1179244,12504,4242019,368
1191744,12500,4248263,368
1204244,12500,4242589,367
1216744,12500,4231550,366
1229244,12500,4227408,366
1241744,12500,4234577,366
1254244,12500,4245029,365
1266748,12504,4238541,364
1279252,12504,4229085,364
1291752,12500,4229149,364
1304252,12500,4238715,363
1316752,12500,4246909,362
1329256,12504,4244638,362
1341756,12500,4234639,362
1354260,12504,4227973,361
1366760,12500,4232244,360
1379260,12500,4242322,360
1391764,12504,4241203,360
1404264,12500,4231436,359
1416764,12500,4228546,358
1429268,12504,4235818,358
1441772,12504,4245098,358
1454272,12500,4246032,357
1466772,12500,4237891,356
1479272,12500,4229521,356
1491772,12500,4230275,356
1504276,12504,4239250,355
1516776,12500,4243322,354
1529280,12504,4234079,354
1541780,12500,4228960,354
1554284,12504,4233546,354
1566784,12500,4242537,352
1579284,12500,4246012,352
1591788,12504,4240087,353
1604288,12500,4231148,352
1616788,12500,4229179,351
1629288,12500,4244828,351
1641788,12500,4244859,351
1654292,12504,4236795,350
1666792,12500,4229754,349
1679292,12500,4231516,349
1691796,12504,4240129,349
1704296,12500,4245898,349
1716800,12504,4242345,347
1729300,12500,4233660,347
1741800,12500,4229331,348
1754304,12504,4242776,347
1766804,12500,4245581,346
1779308,12504,4239357,345
1791808,12500,4231318,346
1804312,12504,4230281,345
1816812,12500,4237310,344
1829312,12500,4244549,344
1841812,12500,4243948,344
1854312,12500,4236360,344
1866812,12500,4232429,343
1879316,12504,4240453,342
1891816,12500,4245258,343
1904316,12500,4241623,342
1916816,12500,4233547,341
1929316,12500,4230123,341
1941816,12500,4234973,341
1954320,12504,4242530,341
1966820,12500,4244523,340
1979324,12504,4238894,339
1991824,12500,4231238,340
2004328,12504,4237785,339
2016828,12500,4244160,338
2029328,12500,4243302,338
2041828,12500,4236210,338
2054328,12500,4230961,338
2066828,12500,4233256,337
2079328,12500,4240390,337
2091828,12500,4244487,337
2104332,12504,-783976,337
2127088,22756,4236119,336
2139592,12504,4242865,336
2152096,12504,4243634,335
2164596,12500,4237637,334
2177100,12504,4231941,334
2189604,12504,4232639,335
2202104,12500,4238987,334
2214604,12500,4243743,333
2227104,12500,4241842,333
2239608,12504,4235742,334
2252108,12500,4234649,333
2264608,12500,4240569,332
2277108,12500,4243065,332
2289612,12504,4239733,333
2302116,12504,4234064,332
2314620,12504,4232344,331
2327120,12500,4236547,331
2339620,12500,4242006,331
2352120,12500,4242638,331
2364620,12500,4237718,330
2377120,12500,4233027,330
2389620,12500,4238891,330
2402124,12504,4243420,330
2414624,12500,4241450,329
2427128,12504,4235494,329
2439628,12500,4232288,329
2452128,12500,4235597,329
2464628,12500,4241543,328
2477128,12500,4243582,328
2489628,12500,4237143,328
2502132,12504,4237182,328
2514636,12504,4238894,327
2527136,12500,4239223,327
2539636,12500,4238005,327
2552136,12500,4236530,327
2564636,12500,4236143,326
2577136,12500,4237603,326
2589640,12504,4239263,326
2602140,12500,4239094,326
2614640,12500,4236166,325
2627140,12500,4236725,325
2639644,12504,4238174,326
2652144,12500,4239134,325
2664644,12500,4238353,324
2677148,12504,4236730,324
2689648,12500,4236219,325
2702152,12504,4237425,324
2714652,12500,4238980,323
2727152,12500,4237854,323
2739652,12500,4236449,324
2752152,12500,4236486,323
2764652,12500,4238017,322
2777152,12500,4239226,322
2789652,12500,4238502,323
2802152,12500,4236838,322
2814652,12500,4236089,321
2827152,12500,4237104,321
2839652,12500,4238770,322
2852152,12500,4237802,321
2864652,12500,4236463,320
2877152,12500,4236461,320
2889652,12500,4237951,321
2902152,12500,4239158,320
2914652,12500,4238856,320
2927152,12500,4237318,320
2939652,12500,4236154,320
2952156,12504,4236714,320
2964660,12504,4238474,319
2977160,12500,4238320,319
2989660,12500,4236663,320
3002164,12504,4236306,319
3014668,12504,4237364,318
3027172,12504,4238821,318
3039672,12500,4238901,319
3052172,12500,4237581,318
3064672,12500,4236325,317
3077172,12500,4236617,317
3089672,12500,4239007,318
3102172,12500,4238607,317
3114676,12504,4237006,316
3127180,12504,4236147,316
3139680,12500,4237073,317
3152184,12504,4238534,317
3164684,12500,4238894,316
3177184,12500,4237849,316
3189688,12504,4236637,316
3202188,12500,4236592,316
3214692,12504,4238703,315
3227192,12500,4238609,315
3239692,12500,4237355,316
3252192,12500,4236514,315
3264692,12500,4237112,314
3277192,12500,4238230,314
3289692,12500,4238683,315
3302196,12504,4238050,315
3314700,12504,4236941,314
3327204,12504,4237448,314
3339704,12500,4238336,314
3352204,12500,4238578,314
3364704,12500,4237700,313
3377208,12504,4236672,313
3389708,12500,4236695,314
3402208,12500,4237718,313
3414708,12500,4238609,312
3427208,12500,4238214,312
3439708,12500,4237125,313
3452208,12500,4237070,313
3464708,12500,4238170,312
3477208,12500,4238675,312
3489708,12500,4237987,313
3502212,12504,4236797,312
3514716,12504,4236532,311
3527216,12500,4237258,311
3539716,12500,4238371,312
3552216,12500,4238517,312
3564716,12500,4237561,311
3577216,12500,4237025,311
3589716,12500,4238039,312
3602216,12500,4238722,311
3614716,12500,4238289,310
3627216,12500,4237291,310
3639716,12500,4236699,311
3652216,12500,4237049,311
3664716,12500,4238178,310
3677220,12504,4238550,310
3689720,12500,4236866,310
3702220,12500,4236620,310
3714720,12500,4237435,309
3727224,12504,4238438,309
3739724,12500,4238434,310
3752228,12504,4237449,310
3764728,12500,4236648,309
3777228,12500,4236929,309
3789728,12500,4237881,310
3802228,12500,4238345,310
3814732,12504,4237099,309
3827236,12504,4236591,309
3839740,12504,4237346,309
3852240,12500,4238385,309
3864740,12500,4238433,308
3877240,12500,4237696,308
3889744,12504,4236678,309
3902248,12504,4236510,309
3914748,12500,4237554,308
3927248,12500,4238319,308
3939752,12504,4237338,308
3952256,12504,4236638,309
3964760,12504,4236946,308
3977260,12500,4237829,307
3989764,12504,4238540,308
4002264,12500,4237943,308
4014764,12500,4236904,307
4027264,12500,4236634,307
4039764,12500,4237327,308
4052264,12500,4238539,308
4064768,12504,4237792,307
4077268,12500,4236815,307
4089772,12504,4236605,307
4102272,12500,4237527,308
4114772,12500,4238344,307
4127272,12500,4238208,306
4139772,12500,4237268,307
4152272,12500,4236516,307
4164776,12504,4238021,306
4177280,12504,4238553,306
4189784,12504,4237930,307
4202284,12500,4236736,307
4214788,12504,4236275,306
4227288,12500,4236955,306
4239788,12500,4238049,306
4252288,12500,4238481,307
4264792,12504,4237660,306
4277292,12500,4236507,305
4289796,12504,4237471,306
4302296,12500,4238426,306
4314796,12500,4238292,305
4327296,12500,4237117,305
4339796,12500,4236287,306
4352296,12500,4236720,306
4364796,12500,4237819,305
4377296,12500,4238556,305
4389796,12500,4237993,305
4402296,12500,4236756,306
4414796,12500,4236952,305
4427300,12504,4238126,304
4439800,12500,4238408,305
4452300,12500,4237595,305
4464800,12500,4236494,305
4477304,12504,4236495,304
4489804,12500,4237334,305
4502304,12500,4238245,305
4514804,12500,4238190,304
4527308,12504,4236393,304
4539812,12504,4236761,304
4552312,12500,4237892,305
4564816,12504,4238330,304
4577320,12504,4237734,304
4589820,12500,4236703,304
4602320,12500,4236336,305
4614824,12504,4237113,304
4627324,12500,4238101,304
4639828,12504,4238207,304
4652328,12500,4236574,305
4664828,12500,4236335,304
4677328,12500,4237104,304
4689828,12500,4237949,304
4702328,12500,4238024,305
4714828,12500,4237157,304
4727328,12500,4236418,303
4739828,12500,4236715,304
4752328,12500,4237853,304
4764832,12504,4237728,304
4777332,12500,4236771,303
4789832,12500,4236441,304
4802332,12500,4237126,304
4814836,12504,4238149,304
4827336,12500,4238229,303
4839836,12500,4237447,304
4852336,12500,4236470,304
4864836,12500,4236453,304
4877336,12500,4237486,303
4889840,12504,4237875,304
4902344,12504,4236805,304
4914844,12500,4236221,304
4927348,12504,4236739,303
4939848,12500,4237848,303
4952348,12500,4238282,304
4964848,12500,4237620,303
4977352,12504,4236570,303
4989852,12500,4236377,303
5002352,12500,4236973,304
5014852,12500,4237624,303
5027352,12500,4236595,302
5039852,12500,4235700,303
5052356,12504,4236563,303
5064856,12500,4239365,303
